model_name,rmse,mae,mape,n_obs
moving_average,2.2766829494774665,1.1040856486904371,59.03753984529357,85372
seasonal_naive,2.32908222235727,1.1241214918240172,65.5433148822545,85372
