model_name,rmse,mae,mape,n_obs
moving_average,2.307282848477235,1.0457541281517526,60.66970658697755,853720
seasonal_naive,2.38870271205565,1.0833387996064283,67.47619343188894,853720
