model_name,rmse,mae,mape,n_obs
lgbm,1.95022790911881,1.0124813159768966,54.51233020205586,85372
