model_name,rmse,mae,mape,n_obs
lgbm,1.9767954168784474,0.9685887180190702,56.383698906287144,853720
