model_name,rmse,mae,mape,n_obs
lgbm,1.9356764172233056,1.009178061163289,54.452627957128115,85372
